Deck Title,Card Code
OP12  Jewelry Bonney Decklist,OP07-019
OP12  Jewelry Bonney Decklist,EB01-015
OP12  Jewelry Bonney Decklist,EB01-015
OP12  Jewelry Bonney Decklist,EB01-015
OP12  Jewelry Bonney Decklist,EB01-015
OP12  Jewelry Bonney Decklist,ST02-004
OP12  Jewelry Bonney Decklist,ST02-004
OP12  Jewelry Bonney Decklist,ST02-004
OP12  Jewelry Bonney Decklist,ST02-007
OP12  Jewelry Bonney Decklist,ST02-007
OP12  Jewelry Bonney Decklist,ST02-007
OP12  Jewelry Bonney Decklist,ST02-007
OP12  Jewelry Bonney Decklist,OP05-030
OP12  Jewelry Bonney Decklist,OP05-030
OP12  Jewelry Bonney Decklist,OP05-030
OP12  Jewelry Bonney Decklist,OP05-030
OP12  Jewelry Bonney Decklist,OP01-033
OP12  Jewelry Bonney Decklist,OP01-033
OP12  Jewelry Bonney Decklist,OP01-033
OP12  Jewelry Bonney Decklist,OP01-033
OP12  Jewelry Bonney Decklist,OP10-032
OP12  Jewelry Bonney Decklist,OP10-032
OP12  Jewelry Bonney Decklist,OP10-032
OP12  Jewelry Bonney Decklist,OP10-032
OP12  Jewelry Bonney Decklist,OP07-021
OP12  Jewelry Bonney Decklist,OP07-021
OP12  Jewelry Bonney Decklist,OP07-021
OP12  Jewelry Bonney Decklist,EB01-012
OP12  Jewelry Bonney Decklist,EB01-012
OP12  Jewelry Bonney Decklist,EB01-012
OP12  Jewelry Bonney Decklist,EB01-012
OP12  Jewelry Bonney Decklist,OP08-023
OP12  Jewelry Bonney Decklist,OP08-023
OP12  Jewelry Bonney Decklist,OP08-023
OP12  Jewelry Bonney Decklist,OP08-023
OP12  Jewelry Bonney Decklist,OP06-035
OP12  Jewelry Bonney Decklist,OP06-035
OP12  Jewelry Bonney Decklist,OP06-035
OP12  Jewelry Bonney Decklist,OP06-035
OP12  Jewelry Bonney Decklist,OP01-051
OP12  Jewelry Bonney Decklist,OP01-051
OP12  Jewelry Bonney Decklist,OP01-051
OP12  Jewelry Bonney Decklist,ST16-004
OP12  Jewelry Bonney Decklist,ST16-004
OP12  Jewelry Bonney Decklist,ST16-004
OP12  Jewelry Bonney Decklist,OP04-031
OP12  Jewelry Bonney Decklist,OP04-031
OP12  Jewelry Bonney Decklist,OP04-031
OP12  Jewelry Bonney Decklist,OP05-037
OP12  Jewelry Bonney Decklist,OP05-037
OP12  Jewelry Bonney Decklist,OP12-037
